id,name,username,created_at
"cmn4pktb9002bn82kkdjaetmj","مركز الامل للنساء والولادة","wac","2026-03-24T14:27:10.051Z"
"cmn5ummph0051of2lron7qhsv","مركز أضواء المرج","wadmc","2026-03-25T09:36:19.061Z"
"cmn4pktb90048n82kkxdr0jmy","مصحة عافية","wafh","2026-03-24T14:27:10.051Z"
"cmn5ummph004uof2lu0u3bf9o","مستشفى اسيل الغد","wagh","2026-03-25T09:36:19.061Z"
"cmn78k17t0039nz1n2bwxpbq4","المركز الاكاديمي - اسنان","wakc","2026-03-26T08:53:58.697Z"
"cmn5ummph004wof2lkadipx6c","مصحة العالية","walc","2026-03-25T09:36:19.061Z"
"cmn4pktb8000pn82k28ql2yey","صيدليات أمواج","wamph","2026-03-24T14:27:10.051Z"
"cmn78k17t003bnz1n4vprjpkw","مركز الانس - اسنان","wanc","2026-03-26T08:53:58.697Z"
"cmn78k17t003anz1n7a0sz729","مركز اركان دبي - اسنان","warc","2026-03-26T08:53:58.697Z"
"cmnuc340o01bwu9kcqmd9dj6c","صيدلية الارشاد الطبي","warph","2026-04-11T12:51:29.688Z"
"cmn4pktb8000un82kzjzjubuz","صيدلية البسمة","wbaph","2026-03-24T14:27:10.051Z"
"cmn78k17t0038nz1nsgm8nuot","مركز بنغازي - اسنان","wbc","2026-03-26T08:53:58.697Z"
"cmn4pktb8001kn82k8rpod3xs","صيدلية بلغراي","wblph","2026-03-24T14:27:10.051Z"
"cmn4pktb8001ln82kcea4aof0","صيدلية بوزريبة","wbozph","2026-03-24T14:27:10.051Z"
"cmn4pktb8001jn82k9fdb8sfv","صيدلية برنيق","wbrph","2026-03-24T14:27:10.051Z"
"cmn4pktb9002un82k46vccui6","مستشفى باب الشفاء","wbshh","2026-03-24T14:27:10.051Z"
"cmn4pktb9002wn82kvhhyyvx6","مستشفى دار الحكمة - اجدابيا","wdeh","2026-03-24T14:27:10.051Z"
"cmnfobmdu0asupm0ob1k7noab","صيدلية دار الفؤاد","wdfph","2026-04-01T06:37:29.490Z"
"cmn5ummph0050of2lwimeawa7","مركز الاتقان","wec","2026-03-25T09:36:19.061Z"
"cmn78k17t003inz1n5zt4jbir","مركز الفخامة / الكفرة - اسنان","wfc","2026-03-26T08:53:58.697Z"
"cmn4pktb80008n82kal4u0ci9","الفارابي الايوائية","wfh","2026-03-24T14:27:10.051Z"
"cmnfobmdu0askpm0o5h6fxf3y","مختبر الدولي الأول","wfil","2026-04-01T06:37:29.490Z"
"cmn78k17t003fnz1ntwonox2n","مركز الفخامة / درنة - اسنان","wfkc","2026-03-26T08:53:58.697Z"
"cmn4pktb9003ln82keyyma4y7","مصحة البساتين الخضراء","wggc","2026-03-24T14:27:10.051Z"
"cmn4pktb9003wn82ki07z26nx","مصحة الغد اليوائية","wgic","2026-03-24T14:27:10.051Z"
"cmn4pktb8001gn82kdqcm9aeg","صيدلية الهرام","whaph","2026-03-24T14:27:10.051Z"
"cmnfobmdu0aswpm0otl3hfp4a","صيدلية هبة","whbph","2026-04-01T06:37:29.490Z"
"cmn4pktb90026n82kr91m6i0f","صيدلية هبه","wheph","2026-03-24T14:27:10.051Z"
"cmn4pktb8001an82k9mysg18t","صيدلية العناية المركزية","wicuph","2026-03-24T14:27:10.051Z"
"cmn78k17t003cnz1ntd1ynalw","مركز كيان - اسنان","wkc","2026-03-26T08:53:58.697Z"
"cmn4pktb90023n82k4v2croz8","صيدلية كيان","wkph","2026-03-24T14:27:10.051Z"
"cmn78k17t003enz1nwcbag2zr","المركز الليبي - اسنان","wlbc","2026-03-26T08:53:58.697Z"
"cmn4pktb9002gn82k23urd11i","مركز لين للنساء والولادة","wlc","2026-03-24T14:27:10.051Z"
"cmn4pktb90025n82kch8dp61g","صيدلية ملك","wmaph","2026-03-24T14:27:10.051Z"
"cmn4pktb9004an82kh1c8pwzb","مصحة منارة المستقبل","wmfc","2026-03-24T14:27:10.051Z"
"cmn4pktb9003zn82kklw9txxw","مصحة المرج","wmh","2026-03-24T14:27:10.051Z"
"cmn78k17t003dnz1ngratpqzu","مركز المهدي  - اسنان","wmhc","2026-03-26T08:53:58.697Z"
"cmn5ummph004nof2l56nprd6r","صيدلية المهدي","wmhph","2026-03-25T09:36:19.061Z"
"cmn4pktb90028n82krjk80kyp","عيادة مكة","wmkc","2026-03-24T14:27:10.051Z"
"cmndg7lmc00lfmp0o8xpjvr8y","مركز المتقدم لطب العيون ","wmkg","2026-03-30T17:14:52.596Z"
"cmnfobmdu0asopm0o6jy5rjbh","مركز مالك للاسنان","wmlc","2026-04-01T06:37:29.490Z"
"cmnfobmdu0asmpm0okt159xvb","ماكين للبصريات","wmnc","2026-04-01T06:37:29.490Z"
"cmnfobmdu0asgpm0o8nx5ty1w","مصحة المنارة","wmnh","2026-04-01T06:37:29.490Z"
"cmn4pktb8000yn82kp9l4ybix","صيدلية الخدمات الضمانية","wmssph","2026-03-24T14:27:10.051Z"
"cmn5ummph004oof2lfza8njn9","صيدلية المودة","wmwph","2026-03-25T09:36:19.061Z"
"cmn4pktb9004bn82kbp7iafvl","مصحة نبض الحياة الجديدة","wnlpc","2026-03-24T14:27:10.051Z"
"cmn5uqqso0059of2lcfdow0it","صيدلية الثقة المتميزة","wpsl","2026-03-25T09:39:30.984Z"
"cmn4pktb9003qn82kevv37fql","مصحة الرازي المرج","wrc","2026-03-24T14:27:10.051Z"
"cmn4pktb9003pn82krcpwbce8","مصحة الرازي","wrh","2026-03-24T14:27:10.051Z"
"cmn4pktb9002en82kgn2ecim1","مركز دار الاشعة","wrhc","2026-03-24T14:27:10.051Z"
"cmnfobmdu0asppm0o71x1u2xj","مركز رؤى للاسنان","wruc","2026-04-01T06:37:29.490Z"
"cmn78k17t0033nz1n8kwgcf2i","مركز الابتسامة  - اسنان","wsc","2026-03-26T08:53:58.697Z"
"cmn5ummph004rof2lvehlo3pq","صيدلية سما درنة","wsdph","2026-03-25T09:36:19.061Z"
"cmn4pktb80015n82ko3bm2g2j","صيدلية الشريف","wshph","2026-03-24T14:27:10.051Z"
"cmn4pktb9002zn82kc2wxswmp","مستشفى سيدي خليفة","wskh","2026-03-24T14:27:10.051Z"
"cmnfobmdu0aslpm0o6fu8g06b","مختبر السلامة","wsl","2026-04-01T06:37:29.490Z"
"cmn4pktb8001un82kcmzv9tre","صيدلية سلسبيل","wslph","2026-03-24T14:27:10.051Z"
"cmn5ummph004pof2lus6ezm1l","صيدلية مستشفى الشفاء الطبي","wsmph","2026-03-25T09:36:19.061Z"
"cmn4pktb8001tn82kzrmfpr0x","صيدلية سالم","wsph","2026-03-24T14:27:10.051Z"
"cmn4pktb8000en82klx9c5lx6","شركة الاكيد للخدمات الطبية","wtakh","2026-03-24T14:27:10.051Z"
"cmn4pktb8000rn82k18p0j7t9","صيدلية الامل","wtamaph","2026-03-24T14:27:10.051Z"
"cmn4pktb9002an82ka0sd1i12","مركز الاستشاري الطبي صبراته","wtamsh","2026-03-24T14:27:10.051Z"
"cmn4pktb9003un82kb8ux9sqf","مصحة العلوص لطب وجراحة العيون","wtaoh","2026-03-24T14:27:10.051Z"
"cmndpwkdg00semp0odhmodse2","مركز الفن التجميلي للاسنان","wtartd","2026-03-30T21:46:13.924Z"
"cmn4pktb8000fn82k2yecopc2","شركة الايادي الامينة(مصحة الضياء)","wtatdh","2026-03-24T14:27:10.051Z"
"cmn4pktb8000nn82khqzbuxdd","شركة بنيان الصحة للخدمات الطبية(مركز بيور سمايل)","wtbmh","2026-03-24T14:27:10.051Z"
"cmn4pktb8001mn82kyrg476dk","صيدلية بيروت","wtbyph","2026-03-24T14:27:10.051Z"
"cmn78k17t0031nz1ntiw31ptn","مركز تاج - اسنان","wtc","2026-03-26T08:53:58.697Z"
"cmndpwkdg00somp0ommolvkfh","مركز التاج لطب الاسنان","wtcrod","2026-03-30T21:46:13.924Z"
"cmndpwkdg00simp0onuhzqvwk","مركز دار الفردوس لطب الاسنان","wtdard","2026-03-30T21:46:13.924Z"
"cmn4pktb9003hn82kzzakqvk7","مشفي دار الطب","wtdarh","2026-03-24T14:27:10.051Z"
"cmn4pktb90042n82kqob8niyt","مصحة دار الحكمة مصراته","wtdhh","2026-03-24T14:27:10.051Z"
"cmn4pktb8001pn82kgzjpz4u4","صيدلية دار الحياة","wtdhph","2026-03-24T14:27:10.051Z"
"cmndpwkdg00srmp0ob3ft97s7","مركز الماسة لطب الاسنان","wtdimd","2026-03-30T21:46:13.924Z"
"cmndq1qt200t2mp0o5mz8c9y1","شركة مجموعة دلتا للخدمات الطبية","wtdlth","2026-03-30T21:50:15.543Z"
"cmn4pktb8000hn82kuoymxyzw","شركة الرازى (مصحة الضياء)","wtdth","2026-03-24T14:27:10.051Z"
"cmndpwkdf00s6mp0o2cr93t9f","مركز ايفوري لطب الاسنان","wtevod","2026-03-30T21:46:13.924Z"
"cmn4pktb8000dn82kznr2yfwu","شركة اطباء الحرية","wtfdph","2026-03-24T14:27:10.051Z"
"cmnuc2aqg01buu9kcm77xdyaj","صيدلية التفاح الاحمر","wtfph","2026-04-11T12:50:51.737Z"
"cmn4pktb90022n82kl5cxaqaz","صيدلية فيتوريا","wtfyph","2026-03-24T14:27:10.051Z"
"cmn4pktb9003dn82k3b4rag1y","مستشفي قدور","wtgadh","2026-03-24T14:27:10.051Z"
"cmn4pktb9003fn82kkady38h6","مشفى غريان الطبى","wtghh","2026-03-24T14:27:10.051Z"
"cmn4pktb9003cn82kqfxy0f6v","مستشفي غوط الشعال","wtghsh","2026-03-24T14:27:10.051Z"
"cmn4pktb9004cn82k9jp0a6t4","مصحة هنار","wthnh","2026-03-24T14:27:10.051Z"
"cmn4pktb8000bn82k4kkaz7mu","المستشفي الدولي-جنزور","wtinth","2026-03-24T14:27:10.051Z"
"cmn4pktb8001nn82ktzd1e6op","صيدلية جمجوم","wtjmph","2026-03-24T14:27:10.051Z"
"cmndpwkdg00smmp0oi0kmt60u","مركز ابتسم لطب الاسنان والجلدية والتجميل","wtlugd","2026-03-30T21:46:13.924Z"
"cmndpwkdg00ssmp0oz3ccnmmw","عيادة المجد الطبي لطب الاسنان","wtmajd","2026-03-30T21:46:13.924Z"
"cmn4pktb8000mn82khbb46fvj","شركة الميس (مستشفى الهلال)","wtmheh","2026-03-24T14:27:10.051Z"
"cmn4pktb90037n82ke9fmxjph","مستشفي المتوكل التخصصي","wtmmh","2026-03-24T14:27:10.051Z"
"cmn4pktb9002hn82kw3wf8zik","مركز مصراته الدولي لطب وجراحة العيون","wtmoh","2026-03-24T14:27:10.051Z"
"cmn4pktb90038n82kj9qxav85","مستشفي المواصفات","wtmwh","2026-03-24T14:27:10.051Z"
"cmn4pktb8001en82kutk6nu0x","صيدلية النعاس","wtnaaph","2026-03-24T14:27:10.051Z"
"cmndpwkdg00sfmp0ozwxxyclx","عيادة النور لطب الاسنان","wtnogd","2026-03-30T21:46:13.924Z"
"cmndpwkdg00scmp0ocnf7gt8h","مركز النور لطب الاسنان","wtnotd","2026-03-30T21:46:13.924Z"
"cmndpwkdg00shmp0o70zvw3g0","مركز نصر فبراير لطب وجراحة الاسنان","wtnsft","2026-03-30T21:46:13.924Z"
"cmndpwkdg00skmp0oh4yt5m8x","مركز اوفال لطب الاسنان","wtovld","2026-03-30T21:46:13.924Z"
"cmndq2mia00t5mp0onns553ek","صيدلية الشعب","wtpeph","2026-03-30T21:50:56.627Z"
"cmndpwkdg00sdmp0o28pgfnl9","مركز بلاتينيوم للتقويم وزراعة الاسنان","wtpltd","2026-03-30T21:46:13.924Z"
"cmn4pktb8000jn82krzj97dqn","شركة القبس الدولية للعيون","wtqmh","2026-03-24T14:27:10.051Z"
"cmn4pktb90043n82kmimfjtzo","مصحة رويال طريق الشوك","wtryh","2026-03-24T14:27:10.051Z"
"cmn4pktb90034n82kypdchldc","مستشفي السرايا الدولي","wtsih","2026-03-24T14:27:10.051Z"
"cmn4pktb9002cn82k5hxqn9tw","مركز السلام الطبي جنزور","wtsjh","2026-03-24T14:27:10.051Z"
"cmndpwkdf00s9mp0ot6re5zo3","مركز سمايلى","wtsmd","2026-03-30T21:46:13.924Z"
"cmn4pktb9003tn82kgv8a8x7k","مصحة السرايا","wtsrah","2026-03-24T14:27:10.051Z"
"cmndpwkdg00slmp0o8xjjo5tc","مركز ابتسامة طرابلس لطب الاسنان","wtstpd","2026-03-30T21:46:13.924Z"
"cmn4pktb8000wn82k86wdnzl3","صيدلية الثمانين","wtthph","2026-03-24T14:27:10.051Z"
"cmndpy6oc00svmp0oqvjx47wz","مصحة طرابلس الجديدة","wttrlh","2026-03-30T21:47:29.485Z"
"cmn4pktb8000on82kriek7cx4","شركة تاج الصحة","wttth","2026-03-24T14:27:10.051Z"
"cmn4pktb90039n82k9wqlhc48","مستشفي اليسر التخصصي","wtysh","2026-03-24T14:27:10.051Z"
"cmnfobmdu0asdpm0oq6i6st0y","مصحة الجامعة","wuc","2026-04-01T06:37:29.490Z"
"cmn4pktb90049n82kaeqjrcnb","مصحة فينيسيا طبرق","wvc","2026-03-24T14:27:10.051Z"
"cmn78k17t0035nz1n3t9j6iey","مركز فينيسيا - اسنان","wvic","2026-03-26T08:53:58.697Z"
"cmn5ummph004zof2lomfyqj6u","مركز فاليتا","wvlc","2026-03-25T09:36:19.061Z"
"cmn5ummph004lof2lpp4ro4jy","صيدلية اليقين","wyph","2026-03-25T09:36:19.061Z"
"cmn78k17t0036nz1nqxjdka6q","مركز زركون - اسنان","wzc","2026-03-26T08:53:58.697Z"